{
    "JobTemplats": [
      {
        "JobTemplateName": "sport-netball-m",
        "JobJson": "sport-netball-m.json",
        "ThumbnailS3": "sport-netball-m-thumbnail",
        "JobRole": "arn:aws:iam::182295204799:role/sport-netball-m-mediaconvertRole"
      },
      {
        "JobTemplateName": "sport-ffa-m",
        "JobJson": "sport-ffa-m.json",
        "ThumbnailS3": "sport-ffa-m-thumbnail",
        "JobRole": "arn:aws:iam::182295204799:role/sport-ffa-m-mediaconvertRole"
      },
      {
        "JobTemplateName": "sport-afl-m",
        "JobJson": "sport-afl-m.json",
        "ThumbnailS3": "sport-afl-m-thumbnail",
        "JobRole": "arn:aws:iam::182295204799:role/sport-afl-m-mediaconvertRole"
      },
      {
        "JobTemplateName": "vod-racing-m",
        "JobJson": "vod-racing-m.json",
        "ThumbnailS3": "vod-racing-m-thumbnail",
        "JobRole": "arn:aws:iam::182295204799:role/vod-racing-m-mediaconvertRole"
      }


    ]
}
