{
    "cdns": [
      {
        "PackagingGroupId": "telstra-vod-packaging-group",
        "DomainName": "af5203573addcaf015ff0f570c4efa55.egress.mediapackage-vod.ap-southeast-2.amazonaws.com",
        "CDN": "af5203573addcaf015ff0f570c4efa55.egress.mediapackage-vod.ap-southeast-2.amazonaws.com",
        "CDNAuthSecret": ""
      },
	    {
        "PackagingGroupId": "telstra-vod-packaging-authCDN",
        "DomainName": "c144bad4947b2b66cdf748d0b80f5b41.egress.mediapackage-vod.ap-southeast-2.amazonaws.com",
        "CDN": "c144bad4947b2b66cdf748d0b80f5b41.egress.mediapackage-vod.ap-southeast-2.amazonaws.com",
        "CDNAuthSecret": "telstra_MediaPackage_Akamai_secret"
      },
      {
        "PackagingGroupId": "telstra-vodpkg-drm",
        "DomainName": "d39baa04c9315602b60a718ae8d9063e.egress.mediapackage-vod.ap-southeast-2.amazonaws.com",
        "CDN": "egress.mediapackage-vod.ap-southeast-2.amazonaws.com",
        "CDNAuthSecret": ""
      },
      {
        "PackagingGroupId": "telstra_bo",
        "DomainName": "e465da51289011ae80ddf58689033d34.egress.mediapackage-vod.ap-southeast-2.amazonaws.com",
        "CDN": "e465da51289011ae80ddf58689033d34.egress.mediapackage-vod.ap-southeast-2.amazonaws.com",
        "CDNAuthSecret": ""
      },
      {
        "PackagingGroupId": "telstra-bo-drm",
        "DomainName": "e22c87195e0674c176c98d688165a61f.egress.mediapackage-vod.ap-southeast-2.amazonaws.com",
        "CDN": "e22c87195e0674c176c98d688165a61f.egress.mediapackage-vod.ap-southeast-2.amazonaws.com",
        "CDNAuthSecret": ""
      },
      {
        "PackagingGroupId": "telstra_bo_dec",
        "DomainName": "d7c500f3b67fd72dc4ef5673492d2d21.egress.mediapackage-vod.ap-southeast-2.amazonaws.com",
        "CDN": "d7c500f3b67fd72dc4ef5673492d2d21.egress.mediapackage-vod.ap-southeast-2.amazonaws.com",
        "CDNAuthSecret": ""
      },
      {
        "PackagingGroupId": "telstra_afl",
        "DomainName": "ccd89666149207b462d2a3720244ea8d.egress.mediapackage-vod.ap-southeast-2.amazonaws.com",
        "CDN": "ccd89666149207b462d2a3720244ea8d.egress.mediapackage-vod.ap-southeast-2.amazonaws.com",
        "CDNAuthSecret": ""
      },
      {
        "PackagingGroupId": "telstra-afl-p-backcatalog",
        "DomainName": "ccd89666149207b462d2a3720244ea8d.egress.mediapackage-vod.ap-southeast-2.amazonaws.com",
        "CDN": "ccd89666149207b462d2a3720244ea8d.egress.mediapackage-vod.ap-southeast-2.amazonaws.com",
        "CDNAuthSecret": ""
      }
	]
}

