{
    "JobTemplats": [
      {
        "JobTemplateName": "telstra_afl_backcatalog_mp4",
        "JobJson": "telstra_afl_backcatalog_mp4.json",
        "ThumbnailS3": "telstra-bo-p-thumbnail"
      },
	    {
        "JobTemplateName": "telstra_awsvod_sport_hls_jobtemp",
        "JobJson": "telstra_awsvod_sport_hls_jobtemp.json",
        "ThumbnailS3": "telstra-bo-p-thumbnail"
      },
      {
        "JobTemplateName": "telstra_bo_hd_8audio_qvbr",
        "JobJson": "telstra_bo_hd_8audio_qvbr.json",
        "ThumbnailS3": "telstra-bo-master-p-thumbnail"
      },
      {
        "JobTemplateName": "telstra_bo_hd_2audio_qvbr",
        "JobJson": "telstra_bo_hd_2audio_qvbr.json",
        "ThumbnailS3": "telstra-bo-master-p-thumbnail"
      },
      {
        "JobTemplateName": "telstra_bo_sd_2audio_qvbr_legacy",
        "JobJson": "telstra_bo_sd_2audio_qvbr_legacy.json",
        "ThumbnailS3": "telstra-bo-master-p-thumbnail"
      },
      {
        "JobTemplateName": "telstra_bo_sd_2audio_qvbr",
        "JobJson": "telstra_bo_sd_2audio_qvbr.json",
        "ThumbnailS3": "telstra-bo-master-p-thumbnail"
      }
	]
}
