{
  "Queue": "arn:aws:mediaconvert:ap-southeast-2:394761604539:queues/Default",
  "Settings": {
    "TimecodeConfig": {
      "Source": "ZEROBASED"
    },
    "OutputGroups": [
      {
        "CustomName": "mp4",
        "Name": "File Group",
        "Outputs": [
          {
            "Preset": "telstra-afl-h264-720-3584k-cbr-mp4",
            "NameModifier": "_720_3584k"
          },
          {
            "Preset": "telstra-afl-h264-1080-5632k-cbr-mp4",
            "NameModifier": "_1080_5632k"
          },
          {
            "Preset": "telstra-afl-h264-576-1536k-cbr-mp4",
            "NameModifier": "_576_1536k"
          },
          {
            "Preset": "telstra-afl-h264-360-1024k-cbr-mp4",
            "NameModifier": "_360_1024k"
          },
          {
            "Preset": "telstra-afl-h264-288-512k-cbr-mp4",
            "NameModifier": "_288_512k"
          }
        ],
        "OutputGroupSettings": {
          "Type": "FILE_GROUP_SETTINGS",
          "FileGroupSettings": {}
        }
      }
    ],
    "AdAvailOffset": 0,
    "Inputs": [
      {
        "AudioSelectors": {
          "Audio Selector 1": {
            "Tracks": [
              1
            ],
            "Offset": 0,
            "DefaultSelection": "DEFAULT",
            "SelectorType": "TRACK",
            "ProgramSelection": 1
          }
        },
        "VideoSelector": {
          "ColorSpace": "FOLLOW",
          "Rotate": "DEGREE_0",
          "AlphaBehavior": "DISCARD"
        },
        "FilterEnable": "AUTO",
        "PsiControl": "USE_PSI",
        "FilterStrength": 0,
        "DeblockFilter": "DISABLED",
        "DenoiseFilter": "DISABLED",
        "TimecodeSource": "ZEROBASED"
      }
    ]
  },
  "AccelerationSettings": {
    "Mode": "DISABLED"
  },
  "Priority": 0,
  "HopDestinations": [],
  "JobTemplate": "telstra_afl_backcatalog_mp4"
}