{
    "cdns": [
      {
        "PackagingGroupId": "sport-ffa-m-bau",
        "DomainName": "c6e7a219406170c7561e8e1c592a0a44.egress.mediapackage-vod.ap-southeast-2.amazonaws.com",
        "CDN": "c6e7a219406170c7561e8e1c592a0a44.egress.mediapackage-vod.ap-southeast-2.amazonaws.com",
        "CDNAuthSecret": ""
      },
	    {
        "PackagingGroupId": "sport-netball-m-bau",
        "DomainName": "c34df320ee79e5a9eb990b28207a4f84.egress.mediapackage-vod.ap-southeast-2.amazonaws.com",
        "CDN": "c34df320ee79e5a9eb990b28207a4f84.egress.mediapackage-vod.ap-southeast-2.amazonaws.com",
        "CDNAuthSecret": ""
      }
    ]
}
