{
    "cdns": [
      {
        "PackagingGroupId": "telstra-netball-p-backcatalog",
        "DomainName": "a5b189da77d031a4c797afc98f6a33f1.egress.mediapackage-vod.ap-southeast-2.amazonaws.com",
        "CDN": "5b189da77d031a4c797afc98f6a33f1.egress.mediapackage-vod.ap-southeast-2.amazonaws.com",
        "CDNAuthSecret": ""
      },
	    {
        "PackagingGroupId": "sport-netball-m-bau",
        "DomainName": "c34df320ee79e5a9eb990b28207a4f84.egress.mediapackage-vod.ap-southeast-2.amazonaws.com",
        "CDN": "c34df320ee79e5a9eb990b28207a4f84.egress.mediapackage-vod.ap-southeast-2.amazonaws.com",
        "CDNAuthSecret": ""
      }
    ]
}
