{
    "JobTemplats": [
      {
        "JobTemplateName": "sport-netball-p",
        "JobJson": "sport-netball-p.json",
        "ThumbnailS3": "sport-netball-p-thumbnail",
        "JobRole": "arn:aws:iam::394761604539:role/sport-netball-p-mediaconvertRole"
      },
      {
        "JobTemplateName": "sport-ffa-p",
        "JobJson": "sport-ffa-p.json",
        "ThumbnailS3": "sport-ffa-p-thumbnail",
        "JobRole": "arn:aws:iam::394761604539:role/sport-ffa-p-mediaconvertRole"
      },
      {
        "JobTemplateName": "sport-afl-p",
        "JobJson": "sport-afl-p.json",
        "ThumbnailS3": "sport-afl-p-thumbnail",
        "JobRole": "arn:aws:iam::394761604539:role/sport-afl-p-mediaconvertRole"
      },
      {
        "JobTemplateName": "vod-racing-p",
        "JobJson": "vod-racing-p.json",
        "ThumbnailS3": "vod-racing-p-thumbnail",
        "JobRole": "arn:aws:iam::394761604539:role/vod-racing-p-mediaconvertRole"
      }


    ]
}
