{
    "JobTemplats": [
      {
        "JobTemplateName": "telstra-netball-p",
        "JobJson": "telstra-netball-p.json",
        "ThumbnailS3": "telstra-netball-p-thumbnail",
        "JobRole": "arn:aws:iam::394761604539:role/telstra-netball-p-mediaconvertRole"
      },
      {
        "JobTemplateName": "telstra-ffa-p",
        "JobJson": "telstra-ffa-p.json",
        "ThumbnailS3": "telstra-ffa-p-thumbnail",
        "JobRole": "arn:aws:iam::394761604539:role/telstra-ffa-p-mediaconvertRole"
      },
      {
        "JobTemplateName": "telstra-afl-p",
        "JobJson": "telstra-afl-p.json",
        "ThumbnailS3": "telstra-afl-p-thumbnail",
        "JobRole": "arn:aws:iam::394761604539:role/telstra-afl-p-mediaconvertRole"
      },
      {
        "JobTemplateName": "telstra-racing-p",
        "JobJson": "telstra-racing-p.json",
        "ThumbnailS3": "telstra-racing-p-thumbnail",
        "JobRole": "arn:aws:iam::394761604539:role/telstra-racing-p-mediaconvertRole"
      }


    ]
}
