{
  "Settings": {
    "OutputGroups": [
      {
        "CustomName": "hls",
        "Name": "Apple HLS",
        "Outputs": [
          {
            "Preset": "telstra-sport-qvbr-h264-720-3800k-ts",
            "NameModifier": "_h264_qvbr_720_3800k"
          },
          {
            "Preset": "telstra-sport-qvbr-h264-1080-5500k-ts",
            "NameModifier": "_h264_qvbr_1080_5500k"
          },
          {
            "Preset": "telstra-sport-qvbr-h264-576-2400k-ts",
            "NameModifier": "_h264_qvbr_576_2400k"
          },
          {
            "Preset": "telstra-sport-qvbr-h264-540-1800k-ts",
            "NameModifier": "_h264_qvbr_540_1800k"
          },
          {
            "Preset": "telstra-sport-qvbr-h264-480-1300k-ts",
            "NameModifier": "_h264_qvbr_480_1300k"
          },
          {
            "Preset": "telstra_audio_aac_128k",
            "NameModifier": "_aac_128k"
          }
        ],
        "OutputGroupSettings": {
          "Type": "HLS_GROUP_SETTINGS",
          "HlsGroupSettings": {
            "ManifestDurationFormat": "INTEGER",
            "SegmentLength": 8,
            "TimedMetadataId3Period": 10,
            "CaptionLanguageSetting": "OMIT",
            "AdditionalManifests": [
              {
                "ManifestNameModifier": "_h264",
                "SelectedOutputs": [
                  "_h264_qvbr_720_3800k",
                  "_h264_qvbr_1080_5500k",
                  "_h264_qvbr_576_2400k",
                  "_h264_qvbr_540_1800k",
                  "_h264_qvbr_480_1300k",
                  "_aac_128k"
                ]
              }
            ],
            "TimedMetadataId3Frame": "PRIV",
            "CodecSpecification": "RFC_4281",
            "OutputSelection": "MANIFESTS_AND_SEGMENTS",
            "ProgramDateTimePeriod": 600,
            "SegmentsPerSubdirectory": 5000,
            "MinSegmentLength": 0,
            "MinFinalSegmentLength": 0,
            "DirectoryStructure": "SUBDIRECTORY_PER_STREAM",
            "ProgramDateTime": "EXCLUDE",
            "SegmentControl": "SINGLE_FILE",
            "ManifestCompression": "NONE",
            "ClientCache": "ENABLED",
            "StreamInfResolution": "INCLUDE"
          }
        }
      },
      {
        "CustomName": "jpeg",
        "Name": "File Group",
        "Outputs": [
          {
            "Preset": "telstra_gpeg_360_15s"
          }
        ],
        "OutputGroupSettings": {
          "Type": "FILE_GROUP_SETTINGS",
          "FileGroupSettings": {
            "DestinationSettings": {
              "S3Settings": {
                "AccessControl": {
                  "CannedAcl": "PUBLIC_READ"
                }
              }
            }
          }
        }
      }
    ],
    "AdAvailOffset": 0,
    "Inputs": [
      {
        "AudioSelectors": {
          "Audio Selector 1": {
            "Tracks": [
              1
            ],
            "Offset": 0,
            "DefaultSelection": "DEFAULT",
            "SelectorType": "TRACK",
            "ProgramSelection": 1
          }
        },
        "VideoSelector": {
          "ColorSpace": "FOLLOW",
          "Rotate": "DEGREE_0",
          "AlphaBehavior": "DISCARD"
        },
        "FilterEnable": "AUTO",
        "PsiControl": "USE_PSI",
        "FilterStrength": 0,
        "DeblockFilter": "DISABLED",
        "DenoiseFilter": "DISABLED",
        "TimecodeSource": "ZEROBASED"
      }
    ]
  },
  "AccelerationSettings": {
    "Mode": "DISABLED"
  },
  "Priority": 0,
  "HopDestinations": [],
  "JobTemplate": "telstra-netball-p"
}